Task,Trade,Unit,Labor min,Material $,Price (trip-excluded) $,Variable,Notes
Appliances > Refrigerator > Replace Water / Ice Dispenser,Appliances,each,40,18,89,,
Appliances > Refrigerator > Run & Install Supply Line - Ground Up,Appliances,each,75,35,169,,
Appliances > Standalone Cooktop > Install New - Ground Up,Appliances,each,75,35,169,,
Appliances > Standalone Cooktop > Replace Burner,Appliances,each,40,18,89,,
Appliances > Standalone Cooktop > Replace Coil,Appliances,each,40,18,89,,
Appliances > Standalone Cooktop > Replace Drip Pans,Appliances,each,40,18,89,,
Appliances > Standalone Or Double Oven > Install Built In Oven - Ground Up,Appliances,each,75,35,169,,
Appliances > Standalone Or Double Oven > Replace Built In Oven,Appliances,each,40,18,89,,
Appliances > Standalone Or Double Oven > Replace Oven Door,Appliances,each,40,18,89,,
Appliances > Trash Compactor > Install New - Ground Up,Appliances,each,75,35,169,,
Appliances > Trash Compactor > Replace,Appliances,each,40,18,89,,
Appliances > Trash Compactor > Secure To Cabinet,Appliances,each,20,5,40,,
Appliances > Washing Machine > Install New - Ground Up,Appliances,each,75,35,169,,
Appliances > Washing Machine > Remove Debris From Trap,Appliances,each,40,5,73,,
Appliances > Washing Machine > Replace Knobs,Appliances,each,30,18,72,,
Appliances > Washing Machine > Replace Plug,Appliances,each,40,18,89,,
Appliances > Washing Machine > Replace Pump,Appliances,each,40,18,89,,
Appliances > Washing Machine > Replace Water Level Sensor,Appliances,each,40,18,89,,
Cabinets > Caulk Countertops,Cabinets,each,20,5,40,,
Cabinets > Install New - Ground Up - Bathroom Medicine,Cabinets,per linear foot,,0,40.0,,
Cabinets > Install New - Ground Up - Bathroom Vanity,Cabinets,per linear foot,,0,40.0,,
Cabinets > Install New - Ground Up - Kitchen Base,Cabinets,per linear foot,,0,40.0,,
Cabinets > Install New - Ground Up - Kitchen Pantry,Cabinets,per linear foot,,0,40.0,,
Cabinets > Install New - Ground Up - Kitchen Upper,Cabinets,per linear foot,,0,40.0,,
Cabinets > Install New Countertops - Ground Up,Cabinets,per linear foot,,0,35.0,,
Cabinets > Install New Door / Drawer Pulls - Ground Up,Cabinets,each,75,35,169,,
Cabinets > Remove Permanently,Cabinets,each,40,5,73,,
Cabinets > Repair Drawer Front,Cabinets,each,40,5,73,,
Cabinets > Repair Drawer Rail,Cabinets,each,40,5,73,,
Cabinets > Repair Hinge,Cabinets,each,30,5,56,,
Cabinets > Replace - Bathroom Medicine,Cabinets,each,40,18,89,,
Cabinets > Replace - Kitchen Base,Cabinets,each,40,18,89,,
Cabinets > Replace - Kitchen Pantry,Cabinets,each,40,18,89,,
Cabinets > Replace - Kitchen Upper,Cabinets,each,40,18,89,,
Cabinets > Replace Cabinet Bottom - Full,Cabinets,each,40,18,89,,
Cabinets > Replace Cabinet Bottom - Overlay,Cabinets,each,40,18,89,,
Cabinets > Replace Countertops,Cabinets,per linear foot,,0,35.0,,
Cabinets > Replace Drawer Front,Cabinets,each,40,18,89,,
Cabinets > Replace Drawer Rail,Cabinets,each,40,18,89,,
Cabinets > Replace Hinge,Cabinets,each,30,18,72,,
Cabinets > Secure,Cabinets,each,20,5,40,,
Carpentry > Build Deck - Ground Up,Carpentry,per sq ft,,0,14.0,VARIABLE,"starts at, quote on site"
Carpentry > Fill / Repair Rotten Fascia,Carpentry,per linear foot,,0,7.0,,
Carpentry > Install Bannister,Carpentry,per linear foot,,0,30.0,,
Carpentry > Install Baseboard / Ground Up,Carpentry,per linear foot,,0,3.0,,
Carpentry > Install Chair Rail - Ground Up,Carpentry,per linear foot,,0,3.5,,
Carpentry > Install Crown Molding - Ground Up,Carpentry,per linear foot,,0,5.0,,
Carpentry > Install Door Casing - Ground Up - Exterior,Carpentry,per linear foot,,0,4.0,,
Carpentry > Install Door Casing - Ground Up - Interior,Carpentry,per linear foot,,0,4.0,,
Carpentry > Install Hand Rails,Carpentry,per linear foot,,0,25.0,,
Carpentry > Install Siding,Carpentry,per linear foot,,0,6.0,,
Carpentry > Install Wainscott - Ground Up,Carpentry,per linear foot,,0,8.0,,
Carpentry > Rebuild Deck - Replace Rotten Components,Carpentry,per sq ft,,0,14.0,VARIABLE,"starts at, quote on site"
Carpentry > Repair Bannister,Carpentry,each,40,5,73,,
Carpentry > Repair Hand Rails,Carpentry,each,40,5,73,,
Carpentry > Replace Crown Molding,Carpentry,per linear foot,,0,5.0,,
Carpentry > Replace Door Casing - Ground Up - Exterior,Carpentry,per linear foot,,0,4.0,,
Carpentry > Replace Porch Post,Carpentry,each,40,18,89,,
Carpentry > Replace Rotten Fascia,Carpentry,per linear foot,,0,7.0,,
Carpentry > Replace Siding,Carpentry,per linear foot,,0,6.0,,
Carpentry > Stairs - Interior - Rebuild Treads & Risers,Carpentry,each,35,5,65,,
Cleaning,Cleaning,each,35,5,65,,
Data / Cable / Ethernet > Install Audio Cable Jacks,Data / Cable / Ethernet,each,45,15,94,,
Data / Cable / Ethernet > Install Cable Jack - Ground Up,Data / Cable / Ethernet,each,75,35,169,,
Data / Cable / Ethernet > Install Data Jack - Ground Up,Data / Cable / Ethernet,each,75,35,169,,
Data / Cable / Ethernet > Install New Video Cable Jacks,Data / Cable / Ethernet,each,75,35,169,,
Data / Cable / Ethernet > Replace Cable Jack,Data / Cable / Ethernet,each,40,18,89,,
Data / Cable / Ethernet > Replace Data Jack,Data / Cable / Ethernet,each,40,18,89,,
Data / Cable / Ethernet > Run New Audio Cable,Data / Cable / Ethernet,each,35,5,65,,
Data / Cable / Ethernet > Run New Cable Lines,Data / Cable / Ethernet,each,35,5,65,,
Data / Cable / Ethernet > Run New Data Lines,Data / Cable / Ethernet,each,35,5,65,,
Data / Cable / Ethernet > Run New Video Data Cables,Data / Cable / Ethernet,each,35,5,65,,
Doors > Exterior > French > Adjustment Only,Doors,each,15,5,31,,
Doors > Exterior > French > Install Accessory Locks,Doors,each,120,15,219,,
Doors > Exterior > French > Install Alarm,Doors,each,120,15,219,,
Doors > Exterior > French > Install New - Ground Up,Doors,each,120,35,244,,
Doors > Exterior > French > Install New - Replacement - Pre-Hung,Doors,each,120,35,244,,
Doors > Exterior > French > Install New - Replacment - Slab Only (Each),Doors,each,120,35,244,,
Doors > Exterior > French > Replace Bottom Seal (Each),Doors,each,120,18,222,,
Doors > Exterior > French > Replace Deadbolt,Doors,each,120,18,222,,
Doors > Exterior > French > Replace Doorknob / Lever / Handle,Doors,each,120,18,222,,
Doors > Exterior > French > Replace Slider Bolt Latch,Doors,each,120,18,222,,
Doors > Exterior > French > Replace Sweep (Each),Doors,each,120,18,222,,
Doors > Exterior > French > Replace Threshold,Doors,each,120,18,222,,
Doors > Exterior > French > Replace Weather Stripping,Doors,each,120,18,222,,
Doors > Exterior > Garage > Adjust / Align Safety Sensors,Doors,each,15,5,31,,
Doors > Exterior > Garage > Clean And Lube Tracks,Doors,each,15,5,31,,
Doors > Exterior > Garage > Install New - Ground Up,Doors,each,120,35,244,VARIABLE,"starts at, quote on site"
Doors > Exterior > Garage > Paint Door,Doors,each,35,20,83,,
Doors > Exterior > Garage > Replace All Panels,Doors,each,120,18,222,,
Doors > Exterior > Garage > Replace Locking / Latching Mechanism,Doors,each,120,18,222,,
Doors > Exterior > Garage > Replace Motor,Doors,each,120,18,222,,
Doors > Exterior > Garage > Replace Panel (Single),Doors,each,120,18,222,,
Doors > Exterior > Garage > Replace Track,Doors,each,120,18,222,,
Doors > Exterior > Garage > Replace Weather Stripping / Exterior Trim,Doors,each,120,18,222,,
Doors > Exterior > Hinged Screen > Adjustment Only,Doors,each,15,5,31,,
Doors > Exterior > Hinged Screen > Install / Replace Pneumatic Door Closer,Doors,each,30,18,72,,
Doors > Exterior > Hinged Screen > Install / Replace Spring / Chain Assembly,Doors,each,30,18,72,,
Doors > Exterior > Hinged Screen > Install New - Ground Up,Doors,each,75,35,169,,
Doors > Exterior > Hinged Screen > Install New - Replacement,Doors,each,75,35,169,,
Doors > Exterior > Hinged Screen > Replace Handle,Doors,each,30,18,72,,
Doors > Exterior > Security > Adjustment Only,Doors,each,15,5,31,,
Doors > Exterior > Security > Install New - Ground Up,Doors,each,120,35,244,,
Doors > Exterior > Security > Install New - Replacement,Doors,each,120,35,244,,
Doors > Exterior > Security > Replace Deadbolt,Doors,each,30,18,72,,
Doors > Exterior > Security > Replace Doorknob / Lever / Handle,Doors,each,30,18,72,,
Doors > Exterior > Sliding Glass > Clean And Lubricate Track,Doors,each,15,5,31,,
Doors > Exterior > Sliding Glass > Install Alarm,Doors,each,120,15,219,,
Doors > Exterior > Sliding Glass > Install New - Fixed Pane,Doors,each,120,35,244,VARIABLE,"starts at, quote on site"
Doors > Exterior > Sliding Glass > Install New - Full Replacement,Doors,each,120,35,244,VARIABLE,"starts at, quote on site"
Doors > Exterior > Sliding Glass > Install New - Ground Up,Doors,each,120,35,244,VARIABLE,"starts at, quote on site"
Doors > Exterior > Sliding Glass > Install New - Slider Pane,Doors,each,120,35,244,VARIABLE,"starts at, quote on site"
Doors > Exterior > Sliding Glass > Install Secondary Pin Lock,Doors,each,120,15,219,,
Doors > Exterior > Sliding Glass > Replace Handle / Latch Assembly,Doors,each,120,18,222,,
Doors > Exterior > Sliding Glass > Replace Mortise Style Latch,Doors,each,120,18,222,,
Doors > Exterior > Sliding Glass > Replace Wheels,Doors,each,120,18,222,,
Doors > Exterior > Sliding Screen > Adjustment Only,Doors,each,15,5,31,,
Doors > Exterior > Sliding Screen > Install New,Doors,each,75,35,169,,
Doors > Exterior > Standard Slab > Adjust To Latch And Lock Smoothly,Doors,each,30,5,56,,
Doors > Exterior > Standard Slab > Install / Replace / Adjust Self Closing Hinge,Doors,each,30,18,72,,
Doors > Exterior > Standard Slab > Install Alarm,Doors,each,45,15,94,,
Doors > Exterior > Standard Slab > Install Knocker,Doors,each,30,15,69,,
Doors > Exterior > Standard Slab > Install New (Pre-Hung),Doors,each,75,35,169,,
Doors > Exterior > Standard Slab > Install New (Slab Only),Doors,each,75,35,169,,
Doors > Exterior > Standard Slab > Install New - Ground Up,Doors,each,75,35,169,,
Doors > Exterior > Standard Slab > Install Peephole,Doors,each,30,15,69,,
Doors > Exterior > Standard Slab > Install Security Sleeve,Doors,each,30,15,69,,
Doors > Exterior > Standard Slab > Install Security Strike Plate Or Reinforcement,Doors,each,30,15,69,,
Doors > Exterior > Standard Slab > Mortise For Doorknob Or Deadbolt,Doors,each,30,5,56,,
Doors > Exterior > Standard Slab > Rekey,Doors,each,15,5,31,,
Doors > Exterior > Standard Slab > Repair / Replace Hinge,Doors,each,30,18,72,,
Doors > Exterior > Standard Slab > Replace Bolt For Deadbolt,Doors,each,30,18,72,,
Doors > Exterior > Standard Slab > Replace Deadbolt,Doors,each,30,18,72,,
Doors > Exterior > Standard Slab > Replace Doorknob / Lever / Handle,Doors,each,30,18,72,,
Doors > Exterior > Standard Slab > Replace Latch For Doorknob,Doors,each,30,18,72,,
Doors > Exterior > Standard Slab > Replace Sweep,Doors,each,30,18,72,,
Doors > Exterior > Standard Slab > Replace Threshold,Doors,each,30,18,72,,
Doors > Exterior > Standard Slab > Replace Weather Stripping,Doors,each,30,18,72,,
Doors > Exterior > Storm > Adjustment Only,Doors,each,15,5,31,,
Doors > Exterior > Storm > Install New - Ground Up,Doors,each,75,35,169,,
Doors > Exterior > Storm > Install New - Replacment,Doors,each,75,35,169,,
Doors > Exterior > Storm > Install Or Replace Pneumatic Closer,Doors,each,40,18,89,,
Doors > Exterior > Storm > Install Or Replace Spring & Chain,Doors,each,30,18,72,,
Doors > Exterior > Storm > Replace Glass / Plexiglass,Doors,each,30,18,72,,
Doors > Exterior > Storm > Replace Handle / Lock / Latch,Doors,each,30,18,72,,
Doors > Interior > Accordion > Adjust Only,Doors,each,15,5,31,,
Doors > Interior > Accordion > Install New - Ground Up,Doors,each,120,35,244,,
Doors > Interior > Accordion > Replace Door (Accordion Only),Doors,each,120,18,222,,
Doors > Interior > Accordion > Replace Latching / Locking Mechanism,Doors,each,120,18,222,,
Doors > Interior > Barn > Adjust Only,Doors,each,15,5,31,,
Doors > Interior > Barn > Install New - Ground Up,Doors,each,120,35,244,,
Doors > Interior > Barn > Replace Hardware (All),Doors,each,120,18,222,,
Doors > Interior > Bifold > Adjust Only,Doors,each,15,5,31,,
Doors > Interior > Bifold > Install Knob (Each),Doors,each,30,15,69,,
Doors > Interior > Bifold > Install New Assembly - Ground Up (Each),Doors,each,75,35,169,,
Doors > Interior > Bifold > Replace All Hardware (Each),Doors,each,40,18,89,,
Doors > Interior > Bifold > Replace Door Assembly (Each),Doors,each,40,18,89,,
Doors > Interior > Bifold > Replace Headrail (Each),Doors,each,30,18,72,,
Doors > Interior > Bypass > Adjust Only,Doors,each,15,5,31,,
Doors > Interior > Bypass > Install Flush Door Pull,Doors,each,30,15,69,,
Doors > Interior > Bypass > Install New - Ground Up,Doors,each,75,35,169,,
Doors > Interior > Bypass > Replace Door (Each),Doors,each,40,18,89,,
Doors > Interior > Pocket > Repair Or Adjust Stuck Door,Doors,each,40,5,73,,
Doors > Interior > Pocket > Replace Handle / Latch Mechanism,Doors,each,30,18,72,,
Doors > Interior > Shower > Bypass > Adjust Only,Doors,each,15,5,31,,
Doors > Interior > Shower > Bypass > Install New - Ground Up,Doors,each,75,35,169,,
Doors > Interior > Shower > Bypass > Replace Bumpers,Doors,each,30,18,72,,
Doors > Interior > Shower > Bypass > Replace Handle,Doors,each,30,18,72,,
Doors > Interior > Shower > Hinged > Adjust Only,Doors,each,15,5,31,,
Doors > Interior > Shower > Hinged > Install New - Ground Up,Doors,each,75,35,169,,
Doors > Interior > Shower > Hinged > Replace Door (Each),Doors,each,30,18,72,,
Doors > Interior > Shower > Hinged > Replace Handle,Doors,each,30,18,72,,
Doors > Interior > Shower > Hinged > Replace Latch / Magnet,Doors,each,30,18,72,,
Doors > Interior > Shower > Hinged > Replace Trim / Strips,Doors,each,30,18,72,,
Doors > Interior > Standard Slab > Install New - Ground Up,Doors,each,75,35,169,,
Doors > Interior > Standard Slab > Repair / Replace Hinge,Doors,each,30,18,72,,
Doors > Interior > Standard Slab > Replace Door (Pre-Hung),Doors,each,75,35,169,,
Doors > Miscellaneous > Install Doorstop,Doors,each,30,15,69,,
Exterior Walls > Install 4X8 Siding - Ground Up,Exterior Walls,per sq ft,,0,4.0,,
Exterior Walls > Install Board & Batten Siding - Ground Up,Exterior Walls,per sq ft,,0,4.0,,
Exterior Walls > Install Fiber Cement Siding - Ground Up,Exterior Walls,per sq ft,,0,5.0,VARIABLE,"starts at, quote on site"
Exterior Walls > Install Shiplap Siding - Ground Up,Exterior Walls,per sq ft,,0,4.0,,
Exterior Walls > Install Stucco - Ground Up,Exterior Walls,per sq ft,,0,7.0,VARIABLE,"starts at, quote on site"
Exterior Walls > Install Vinyl Siding - Ground Up,Exterior Walls,per sq ft,,0,3.0,,
Fencing > Chain Link > Install New - Ground Up,Fencing,per linear foot,,0,12.0,,
Fencing > Chain Link > Install Privacy Slats,Fencing,per linear foot,,0,6.0,,
Fencing > Chain Link > Repalce Gate Hardware,Fencing,each,35,5,65,,
Fencing > Chain Link > Replace Horizontal Rails,Fencing,each,40,18,89,,
Fencing > Chain Link > Replace Vertical Posts,Fencing,each,40,18,89,,
Fencing > Chain Link > Secure Chain Link To Poles,Fencing,per linear foot,,0,3.0,,
Fencing > Masonry > Build New - Ground Up,Fencing,per linear foot,,0,40.0,VARIABLE,"starts at, quote on site"
Fencing > Masonry > Mount Gate,Fencing,each,40,5,73,VARIABLE,"starts at, quote on site"
Fencing > Masonry > Mount Hardware,Fencing,each,40,5,73,VARIABLE,"starts at, quote on site"
Fencing > Masonry > Repair / Replace Grout,Fencing,each,40,18,89,VARIABLE,"starts at, quote on site"
Fencing > Wood Picket > Apply Exterior Sealer,Fencing,per linear foot,,0,2.0,,
Fencing > Wood Picket > Build New - Ground Up,Fencing,per linear foot,,0,18.0,,
Fencing > Wood Picket > Paint,Fencing,per linear foot,,0,2.5,,
Fencing > Wood Picket > Repair / Rebuild Gate,Fencing,each,40,5,73,,
Fencing > Wood Picket > Replace Gate Hardware,Fencing,each,40,18,89,,
Fencing > Wood Picket > Replace Pickets,Fencing,each,40,18,89,,
Fencing > Wood Picket > Replace Post,Fencing,each,40,18,89,,
Fencing > Wood Picket > Replace Rail,Fencing,each,40,18,89,,
Fixtures / Mounts / Accessories > Bathroom > Grab Bars / Safety Bars,Fixtures / Mounts / Accessories,each,40,5,73,,
Fixtures / Mounts / Accessories > Bathroom > Mirror,Fixtures / Mounts / Accessories,each,40,5,73,,
Fixtures / Mounts / Accessories > Bathroom > Shower Curtain Rod (Permanent),Fixtures / Mounts / Accessories,each,30,5,56,,
Fixtures / Mounts / Accessories > Bathroom > TP Holder,Fixtures / Mounts / Accessories,each,30,5,56,,
Fixtures / Mounts / Accessories > Bathroom > Towel Bar,Fixtures / Mounts / Accessories,each,30,5,56,,
Fixtures / Mounts / Accessories > Bathroom > Towel Hook,Fixtures / Mounts / Accessories,each,30,5,56,,
Fixtures / Mounts / Accessories > Bathroom > Towel Ring,Fixtures / Mounts / Accessories,each,30,5,56,,
Fixtures / Mounts / Accessories > General > Install / Hang Miscellaneous,Fixtures / Mounts / Accessories,each,40,15,85,,
Fixtures / Mounts / Accessories > General > Install / Hang Picture Frames,Fixtures / Mounts / Accessories,each,30,15,69,,
Fixtures / Mounts / Accessories > General > Install / Replace AC Register,Fixtures / Mounts / Accessories,each,30,18,72,,
Fixtures / Mounts / Accessories > General > Install / Replace Closet Rod,Fixtures / Mounts / Accessories,each,30,18,72,,
Fixtures / Mounts / Accessories > General > Install Floating Shelves,Fixtures / Mounts / Accessories,each,40,15,85,,
Fixtures / Mounts / Accessories > General > Install Replace Register Return,Fixtures / Mounts / Accessories,each,30,18,72,,
Fixtures / Mounts / Accessories > General > Install Standard Shelving,Fixtures / Mounts / Accessories,each,40,15,85,,
Fixtures / Mounts / Accessories > General > Install TV Mount,Fixtures / Mounts / Accessories,each,40,15,85,,
Fixtures / Mounts / Accessories > Kitchen > Paper Towel holder,Fixtures / Mounts / Accessories,each,30,5,56,,
Fixtures / Mounts / Accessories > Kitchen > Pot Rack,Fixtures / Mounts / Accessories,each,40,5,73,,
Flooring > Carpet > Install New - Ground Up,Flooring,per sq ft,,0,1.25,,
Flooring > Carpet > Patch / Repair,Flooring,each,30,5,56,,
Flooring > Carpet > Remove Permanently,Flooring,per sq ft,,0,0.75,,
Flooring > Carpet > Replace,Flooring,per sq ft,,0,1.75,,
Flooring > Carpet > Shampoo / Steam Clean,Flooring,per sq ft,,0,0.45,,
Flooring > Carpet > Stretch,Flooring,each,30,5,56,,
Flooring > Hardwood > Install New - Ground Up,Flooring,per sq ft,,0,3.5,,
Flooring > Hardwood > Patch / Repair,Flooring,each,30,5,56,,
Flooring > Hardwood > Remove Permanently,Flooring,per sq ft,,0,1.5,,
Flooring > Hardwood > Replace,Flooring,per sq ft,,0,4.0,,
Flooring > Laminate - Wood > Install New - Ground Up,Flooring,per sq ft,,0,2.0,,
Flooring > Laminate - Wood > Patch / Repair,Flooring,each,30,5,56,,
Flooring > Laminate - Wood > Remove Permanently,Flooring,per sq ft,,0,1.0,,
Flooring > Laminate - Wood > Replace,Flooring,per sq ft,,0,2.5,,
Flooring > Laminate Vinyl Plank (LVP) > Patch / Repair,Flooring,each,30,5,56,,
Flooring > Laminate Vinyl Plank (LVP) > Remove Permanently,Flooring,per sq ft,,0,1.0,,
Flooring > Laminate Vinyl Plank (LVP) > Replace,Flooring,per sq ft,,0,2.5,,
Flooring > Miscellaneous / Other > Concrete Stain - Ground Up,Flooring,per sq ft,,0,2.5,,
Flooring > Miscellaneous / Other > Concrete Stain - Repair,Flooring,each,30,5,56,,
Flooring > Miscellaneous / Other > Epoxy - Ground Up,Flooring,per sq ft,,0,3.5,,
Flooring > Miscellaneous / Other > Epoxy - Repair,Flooring,each,30,5,56,,
Flooring > Sheet Vinyl > Install New - Ground Up,Flooring,per sq ft,,0,1.75,,
Flooring > Sheet Vinyl > Patch / Repair,Flooring,each,30,5,56,,
Flooring > Sheet Vinyl > Remove Permanently,Flooring,per sq ft,,0,1.0,,
Flooring > Sheet Vinyl > Replace,Flooring,per sq ft,,0,2.25,,
Flooring > Vinyl Tile (LVT) > Install New - Ground Up,Flooring,per sq ft,,0,2.0,,
Flooring > Vinyl Tile (LVT) > Patch / Repair,Flooring,each,30,5,56,,
Flooring > Vinyl Tile (LVT) > Remove Permanently,Flooring,per sq ft,,0,1.0,,
Flooring > Vinyl Tile (LVT) > Replace,Flooring,per sq ft,,0,2.5,,
HVAC > Install / Replace HVAC Filter,HVAC,each,30,18,72,,
HVAC > Install Mini Split,HVAC,each,120,15,219,VARIABLE,"starts at, quote on site"
HVAC > Install Window AC,HVAC,each,120,15,219,,
HVAC > Program Thermostat,HVAC,each,15,5,31,,
HVAC > Replace Swamp Cooler (Complete Unit),HVAC,each,120,18,222,VARIABLE,"starts at, quote on site"
HVAC > Replace Swamp Cooler Motor,HVAC,each,120,18,222,,
HVAC > Replace Swamp Cooler Pads,HVAC,each,40,18,89,,
HVAC > Replace Swamp Cooler Pump,HVAC,each,40,18,89,,
HVAC > Replace Swamp Cooler Spider,HVAC,each,40,18,89,,
HVAC > Replace Thermostat,HVAC,each,40,18,89,,
Interior Walls & Ceilings > Ceiling Tile > Install New - Ground Up,Interior Walls & Ceilings,per sq ft,,0,2.75,,
Interior Walls & Ceilings > Ceiling Tile > Remove + Skim,Interior Walls & Ceilings,per sq ft,,0,2.75,,
Interior Walls & Ceilings > Ceiling Tile > Remove + Skim + Texture,Interior Walls & Ceilings,per sq ft,,0,2.75,,
Interior Walls & Ceilings > Ceiling Tile > Remove Permanently,Interior Walls & Ceilings,per sq ft,,0,1.5,,
Interior Walls & Ceilings > Drop Ceiling > Install New - Ground Up,Interior Walls & Ceilings,per sq ft,,0,3.5,,
Interior Walls & Ceilings > Drop Ceiling > Remove Permanently,Interior Walls & Ceilings,per sq ft,,0,1.5,,
Interior Walls & Ceilings > Drop Ceiling > Repair Frame,Interior Walls & Ceilings,each,40,5,73,,
Interior Walls & Ceilings > Drop Ceiling > Replace Tile,Interior Walls & Ceilings,each,40,18,89,,
Interior Walls & Ceilings > Drywall > Install New Drywall - Ground Up,Interior Walls & Ceilings,per sq ft,,0,2.0,,
Interior Walls & Ceilings > Drywall > Paint - Ground Up,Interior Walls & Ceilings,per sq ft,,0,1.0,,
"Interior Walls & Ceilings > Drywall > Patch - 1"" Diameter To 4"" Diameter",Interior Walls & Ceilings,each,35,5,65,,
"Interior Walls & Ceilings > Drywall > Patch - 4"" Diameter To 1 Square Foot",Interior Walls & Ceilings,each,35,5,65,,
Interior Walls & Ceilings > Drywall > Patch - Less than 1 Inch Diameter (Fill),Interior Walls & Ceilings,each,35,5,65,,
Interior Walls & Ceilings > Drywall > Patch - More Than 1 Square Foot,Interior Walls & Ceilings,each,35,5,65,,
Interior Walls & Ceilings > Drywall > Prime - Ground Up,Interior Walls & Ceilings,per sq ft,,0,0.6,,
Interior Walls & Ceilings > Drywall > Repair Nail Pops,Interior Walls & Ceilings,each,40,5,73,,
Interior Walls & Ceilings > Drywall > Repair Peeling Joint Tape,Interior Walls & Ceilings,each,40,5,73,,
Interior Walls & Ceilings > Drywall > Skim - Ground Up,Interior Walls & Ceilings,per sq ft,,0,1.2,,
Interior Walls & Ceilings > Drywall > Tape Joints - Ground Up,Interior Walls & Ceilings,per sq ft,,0,0.9,,
Interior Walls & Ceilings > Drywall > Texture - Ground Up,Interior Walls & Ceilings,per sq ft,,0,1.1,,
Interior Walls & Ceilings > Paint > Custom Paint Match Fee,Interior Walls & Ceilings,each,35,5,65,,
Interior Walls & Ceilings > Paint > Per Bathroom Paint,Interior Walls & Ceilings,each,35,5,65,,
Interior Walls & Ceilings > Paint > Per Bedroom Room Paint,Interior Walls & Ceilings,each,35,5,65,,
Interior Walls & Ceilings > Paint > Per Closet / Pantry Paint,Interior Walls & Ceilings,each,35,5,65,,
Interior Walls & Ceilings > Paint > Per Hour Paint,Interior Walls & Ceilings,per hour,,0,100.0,,billed hourly
Interior Walls & Ceilings > Paint > Per Kitchen Paint,Interior Walls & Ceilings,each,35,5,65,,
Interior Walls & Ceilings > Paint > Per Square Foot Paint,Interior Walls & Ceilings,per sq ft,,0,1.0,,
Interior Walls & Ceilings > Paint > Whole House Paint - Interior,Interior Walls & Ceilings,each,35,5,65,VARIABLE,"starts at, quote on site"
Interior Walls & Ceilings > Paneling / Tongue & Groove > Install New - Ground Up,Interior Walls & Ceilings,per sq ft,,0,3.5,,
Interior Walls & Ceilings > Paneling / Tongue & Groove > Replace,Interior Walls & Ceilings,per sq ft,,0,4.0,,
Interior Walls & Ceilings > Plaster > Patch - Large,Interior Walls & Ceilings,each,35,5,65,,
Interior Walls & Ceilings > Plaster > Patch - Medium,Interior Walls & Ceilings,each,35,5,65,,
Interior Walls & Ceilings > Plaster > Patch - Small,Interior Walls & Ceilings,each,35,5,65,,
Interior Walls & Ceilings > Popcorn > Remove Popcorn + Skim + Texture,Interior Walls & Ceilings,per sq ft,,0,2.75,,
Interior Walls & Ceilings > Popcorn > Remove Popcorn Permanently,Interior Walls & Ceilings,per sq ft,,0,1.75,,
Interior Walls & Ceilings > Popcorn > Remove Popocorn + Skim,Interior Walls & Ceilings,per sq ft,,0,2.25,,
Interior Walls & Ceilings > Tongue & Groove > Install New - Ground Up,Interior Walls & Ceilings,per sq ft,,0,3.5,,
Interior Walls & Ceilings > Tongue & Groove > Patch / Repair,Interior Walls & Ceilings,each,40,5,73,,
Interior Walls & Ceilings > Tongue & Groove > Refinish,Interior Walls & Ceilings,per sq ft,,0,2.0,,
Interior Walls & Ceilings > Tongue & Groove > Remove Permanently,Interior Walls & Ceilings,per sq ft,,0,1.5,,
Interior Walls & Ceilings > Tongue & Groove > Replace,Interior Walls & Ceilings,per sq ft,,0,4.0,,
Interior Walls & Ceilings > Wallpaper > Install New - Ground Up,Interior Walls & Ceilings,per sq ft,,0,3.0,,
Interior Walls & Ceilings > Wallpaper > Patch / Repair,Interior Walls & Ceilings,each,40,5,73,,
Interior Walls & Ceilings > Wallpaper > Remove Permanently,Interior Walls & Ceilings,per sq ft,,0,2.0,,
Interior Walls & Ceilings > Wallpaper > Replace,Interior Walls & Ceilings,per sq ft,,0,4.0,,
Interior Walls & Ceilings > Wallpaper > Surfacce Preparation,Interior Walls & Ceilings,per sq ft,,0,1.5,,
Landscaping > Install Holiday Lights,Landscaping,per linear foot,,0,3.0,,
Landscaping > Install Mailbox - Ground Up,Landscaping,each,75,35,169,,
Landscaping > Install Misters,Landscaping,each,45,15,94,,
Landscaping > Junk Removal,Landscaping,each,35,5,65,,
Landscaping > Lawn Mowing / Edging / Trimming,Landscaping,each,35,5,65,,
Landscaping > Pool Maintenance,Landscaping,each,35,5,65,,
Landscaping > Pour Cement Slab,Landscaping,per sq ft,,0,8.0,VARIABLE,"starts at, quote on site"
Landscaping > Pressure Wash Driveway,Landscaping,per sq ft,,0,0.25,,
Landscaping > Pressure Wash Garage,Landscaping,per sq ft,,0,0.25,,
Landscaping > Pressure Wash Porch,Landscaping,per sq ft,,0,0.25,,
Landscaping > Pressure Wash Sidewalk,Landscaping,per sq ft,,0,0.25,,
Landscaping > Remount Mailbox Post To Ground,Landscaping,each,40,5,73,,
Landscaping > Remount Mailbox To Post,Landscaping,each,40,5,73,,
Landscaping > Remove Holiday Lights,Landscaping,per linear foot,,0,3.0,,
Landscaping > Remove Tree,Landscaping,each,40,5,73,VARIABLE,"starts at, quote on site"
Landscaping > Replace Mailbox - Box Only,Landscaping,each,40,18,89,,
Landscaping > Solar Maintenance,Landscaping,each,35,5,65,,
Landscaping > Trim Tree,Landscaping,each,35,5,65,VARIABLE,"starts at, quote on site"
Landscaping > Weed Removal,Landscaping,each,35,5,65,,
Landscaping > Welding - General,Landscaping,per hour,,0,100.0,,billed hourly
Masonry > Repair / Replace Damaged / Missing Grout/Mortar,Masonry,per sq ft,,0,18.0,VARIABLE,"starts at, quote on site"
Masonry > Replace Damaged / Missing Brick,Masonry,per sq ft,,0,18.0,VARIABLE,"starts at, quote on site"
Masonry > Replace Damaged / Missing Cinder Block,Masonry,per sq ft,,0,18.0,VARIABLE,"starts at, quote on site"
Masonry > Replace Damaged / Missing Slump Block,Masonry,per sq ft,,0,18.0,VARIABLE,"starts at, quote on site"
Masonry > Replace Damaged / Missing Stone Veneer,Masonry,per sq ft,,0,18.0,VARIABLE,"starts at, quote on site"
Plumbing > Bathroom > Toilet > Install Bidet - Ground Up,Plumbing,each,75,45,181,,
Plumbing > Bathroom > Toilet > Install New Toilet - Ground Up,Plumbing,each,75,45,181,,
Plumbing > Bathroom > Toilet > Repair Shutoff Valve / Angle Stop,Plumbing,each,40,15,85,,
Plumbing > Bathroom > Toilet > Replace Bidet,Plumbing,each,40,28,102,,
Plumbing > Bathroom > Toilet > Replace High Efficiency Flush Components,Plumbing,each,40,28,102,,
Plumbing > Bathroom > Toilet > Replace Mounting Flange,Plumbing,each,40,28,102,,
Plumbing > Bathroom > Toilet > Replace Shutoff Valve / Angle Stop,Plumbing,each,40,28,102,,
Plumbing > Bathroom > Toilet > Replace Tank Seals,Plumbing,each,40,28,102,,
Plumbing > Bathroom > Tub / Shower > Re-Caulk Tub / Shower,Plumbing,each,20,15,52,,
Plumbing > Bathroom > Tub / Shower > Repair Mixer Valve (Seals),Plumbing,each,40,15,85,,
Plumbing > Bathroom > Tub / Shower > Repair Shower Cartridge (Seals),Plumbing,each,40,15,85,,
Plumbing > Bathroom > Tub / Shower > Repair Trip Lever Drain Assembly,Plumbing,each,40,15,85,,
Plumbing > Bathroom > Tub / Shower > Repair Valve Stem Packings / Seals,Plumbing,each,40,15,85,,
Plumbing > Bathroom > Tub / Shower > Replace Overflow Drain Cover,Plumbing,each,40,28,102,,
Plumbing > Bathroom > Tub / Shower > Replace Overflow Drain Cover Seal,Plumbing,each,40,28,102,,
Plumbing > Bathroom > Tub / Shower > Replace Shower / Tub Mixer Valve,Plumbing,each,40,28,102,,
Plumbing > Bathroom > Tub / Shower > Replace Shower Wand,Plumbing,each,40,28,102,,
Plumbing > Bathroom > Tub / Shower > Replace Threaded Drain Assembly,Plumbing,each,40,28,102,,
Plumbing > Bathroom > Tub / Shower > Replace Trip Lever Drain Assembly,Plumbing,each,40,28,102,,
Plumbing > Bathroom > Tub / Shower > Replace Valve Stem,Plumbing,each,40,28,102,,
Plumbing > Bathroom > Vanity Sink > Install New Sink - Ground Up,Plumbing,each,75,45,181,,
Plumbing > Bathroom > Vanity Sink > Repair Faucet - New Handles,Plumbing,each,30,15,69,,
Plumbing > Bathroom > Vanity Sink > Repair Faucet - New Seals / Cartridges,Plumbing,each,40,15,85,,
Plumbing > Bathroom > Vanity Sink > Repair Shutoff Valve / Angle Stop,Plumbing,each,40,15,85,,
Plumbing > Bathroom > Vanity Sink > Replace Shutoff Valve / Angle Stop,Plumbing,each,40,28,102,,
Plumbing > Bathroom > Vanity Sink > Replace Sink Drain / Pop Up Assembly,Plumbing,each,40,28,102,,
Plumbing > Bathroom > Vanity Sink > Replace Sink Drain Assembly (Attached To Sink),Plumbing,each,40,28,102,,
Plumbing > Bathroom > Vanity Sink > Tighten Down Faucet,Plumbing,each,15,15,44,,
Plumbing > Distribution / General Plumbing > Buried Sewer Line Repair / Replacement,Plumbing,each,40,28,102,VARIABLE,"starts at, quote on site"
Plumbing > Distribution / General Plumbing > Copper Pipe Sweating / Repair,Plumbing,each,40,15,85,VARIABLE,"starts at, quote on site"
"Plumbing > Distribution / General Plumbing > Copper Tubing 1/4"" Or 3/8"" Compression Type Repair",Plumbing,each,40,15,85,,
Plumbing > Distribution / General Plumbing > Galvanized Steel Pipe Repair / Replacement,Plumbing,each,40,28,102,VARIABLE,"starts at, quote on site"
Plumbing > Distribution / General Plumbing > In-Home Sewer / Drain Line Repair / Replacement,Plumbing,each,40,28,102,VARIABLE,"starts at, quote on site"
Plumbing > Distribution / General Plumbing > Irrigation Line Repair / Replacement,Plumbing,each,40,28,102,VARIABLE,"starts at, quote on site"
Plumbing > Distribution / General Plumbing > Water Main Repair,Plumbing,each,40,15,85,VARIABLE,"starts at, quote on site"
Plumbing > Distribution / General Plumbing > Water Main Replacement,Plumbing,each,40,28,102,VARIABLE,"starts at, quote on site"
Plumbing > Exterior > Insulate Exterior Pipes,Plumbing,each,35,15,77,,
Plumbing > Exterior > Replace Frost Free Hose Bibb - PVC Type,Plumbing,each,40,28,102,,
Plumbing > Exterior > Replace Frost Free Hose Bibb - Solder Type,Plumbing,each,40,28,102,,
Plumbing > Exterior > Replace Frost Free Hose Bibb - Threaded,Plumbing,each,40,28,102,,
Plumbing > Exterior > Replace Hose Bibb - PVC Type,Plumbing,each,40,28,102,,
Plumbing > Exterior > Replace Hose Bibb - Solder Type,Plumbing,each,40,28,102,,
Plumbing > Exterior > Replace Hose Bibb - Threaded,Plumbing,each,40,28,102,,
Plumbing > Exterior > Replace Irrigation Valve,Plumbing,each,40,28,102,,
Plumbing > Exterior > Replace Main Home Shutoff Valve - Compression Type,Plumbing,each,40,28,102,,
Plumbing > Exterior > Replace Main Home Shutoff Valve - PVC Type,Plumbing,each,40,28,102,,
Plumbing > Exterior > Replace Main Home Shutoff Valve - Solder Type,Plumbing,each,40,28,102,,
Plumbing > Exterior > Replace Sprinkler Head,Plumbing,each,30,28,85,,
Plumbing > Kitchen > Dishwasher > Repair Shutoff Valve / Angle Stop,Plumbing,each,40,15,85,,
Plumbing > Kitchen > Dishwasher > Replace Shutoff Valve / Angle Stop,Plumbing,each,40,28,102,,
Plumbing > Kitchen > Miscellaneous > Install Pasta Arm - Ground Up,Plumbing,each,75,45,181,,
Plumbing > Kitchen > Miscellaneous > Repair Pasta Arm,Plumbing,each,30,15,69,,
Plumbing > Kitchen > Miscellaneous > Replace Pasta Arm,Plumbing,each,30,28,85,,
Plumbing > Kitchen > Miscellaneous > Replace Shutoff Valve / Angle Stop - Other,Plumbing,each,40,28,102,,
Plumbing > Kitchen > Refrigerator > Repair Supply Line Leak,Plumbing,each,40,15,85,,
Plumbing > Kitchen > Refrigerator > Replace External Water Filter,Plumbing,each,30,28,85,,
Plumbing > Kitchen > Sink > Adjust / Tighten Set Screws / Handle,Plumbing,each,15,15,44,,
Plumbing > Kitchen > Sink > Caulk Sink Basin,Plumbing,each,20,15,52,,
Plumbing > Kitchen > Sink > Install Garbage Disposal - Ground Up,Plumbing,each,75,45,181,,
Plumbing > Kitchen > Sink > Install RO / Water Filter - Ground Up,Plumbing,each,75,45,181,,
Plumbing > Kitchen > Sink > Install RO Drinking Water Tap,Plumbing,each,30,25,81,,
Plumbing > Kitchen > Sink > Install Soap Dispenser / Accessories In Sink Basin,Plumbing,each,30,25,81,,
Plumbing > Kitchen > Sink > New Install - Ground Up,Plumbing,each,75,45,181,,
Plumbing > Kitchen > Sink > Permanently Remove RO System,Plumbing,each,40,15,85,,
Plumbing > Kitchen > Sink > Repair Faucet (Seals),Plumbing,each,40,15,85,,
Plumbing > Kitchen > Sink > Repair Garbage Disposal - Break Free & Reset,Plumbing,each,15,15,44,,
Plumbing > Kitchen > Sink > Repair RO Plumbing,Plumbing,each,40,15,85,,
Plumbing > Kitchen > Sink > Repair Shutoff Valve / Angle Stop,Plumbing,each,40,15,85,,
Plumbing > Kitchen > Sink > Replace Hot And Cold Knobs,Plumbing,each,30,28,85,,
Plumbing > Kitchen > Sink > Replace RO Cartridges / Filters,Plumbing,each,30,28,85,,
Plumbing > Kitchen > Sink > Replace Shutoff Valve / Angle Stop,Plumbing,each,40,28,102,,
Plumbing > Kitchen > Sink > Replace Sink Basin - Top Mount,Plumbing,each,40,28,102,,
Plumbing > Kitchen > Sink > Replace Sink Basin - Under Mount,Plumbing,each,40,28,102,,
Plumbing > Kitchen > Sink > Unclog / Snake Drain,Plumbing,each,35,15,77,,
Plumbing > Laundry > Repair Washing Machine Hose Bibb,Plumbing,each,40,15,85,,
Plumbing > Laundry > Replace Washing Machine Hose Bibb,Plumbing,each,40,28,102,,
Plumbing > Laundry > Replace Washing Machine Supply Hoses,Plumbing,each,40,28,102,,
Plumbing > Water Heaters & Softeners > Install / Repair Drain Pan Drain Plumbing,Plumbing,each,120,25,231,,
Plumbing > Water Heaters & Softeners > Install / Replace Drain Pan,Plumbing,each,120,28,235,,
Plumbing > Water Heaters & Softeners > Install New Water Heater Tank - Ground Up,Plumbing,each,120,45,256,VARIABLE,"starts at, quote on site"
Plumbing > Water Heaters & Softeners > Install New Water Heater Tankless - Ground Up,Plumbing,each,120,45,256,VARIABLE,"starts at, quote on site"
Plumbing > Water Heaters & Softeners > Install Water Softener - Ground Up,Plumbing,each,120,45,256,VARIABLE,"starts at, quote on site"
Plumbing > Water Heaters & Softeners > Repair / Replace Overpressure Vent Plumbing,Plumbing,each,120,28,235,,
Plumbing > Water Heaters & Softeners > Run Water Softener Regeneration Cycle,Plumbing,each,15,15,44,VARIABLE,"starts at, quote on site"
Roofing > Apply Elastomeric Coating Flat Roof,Roofing,per sq ft,,0,1.5,,
Roofing > Clear Scuppers,Roofing,each,15,5,31,,
Roofing > Install / Replace Pipe Boot,Roofing,each,40,18,89,,
Roofing > Install Downspout - Ground Up,Roofing,each,75,35,169,,
Roofing > Install Gutters - Ground Up,Roofing,per linear foot,,0,6.0,,
Roofing > Install Satellite Dish,Roofing,each,45,15,94,,
Roofing > Install Vent Cap,Roofing,each,45,15,94,,
Roofing > Install Whirlybird / Attic Vent,Roofing,each,45,15,94,,
Roofing > Remove Old Satellite Cables,Roofing,each,40,5,73,,
Roofing > Remove Satellite Dish,Roofing,each,40,5,73,,
Roofing > Replace Downspout,Roofing,each,40,18,89,,
Roofing > Replace Skylight Curb,Roofing,each,40,18,89,,
Roofing > Replace Skylight Inner Dome,Roofing,each,40,18,89,,
Roofing > Replace Skylight Outer Dome,Roofing,each,40,18,89,,
Roofing > Replace Vent Cap,Roofing,each,40,18,89,,
Roofing > Replace Whirlybird / Attic Vent,Roofing,each,40,18,89,,
Roofing > Secure Gutters,Roofing,per linear foot,,0,2.5,,
Tile > Backsplash - Remove & Replace,Tile,per sq ft,,0,12.0,,
Tile > Grout - Install New,Tile,per sq ft,,0,3.5,,
Tile > Grout - Regrout,Tile,per sq ft,,0,3.5,,
Tile > Install New - Ground Up,Tile,per sq ft,,0,8.0,,
Tile > Repair - Replace Individual Tile,Tile,each,40,18,89,,
Tile > Seal Tile & Grout,Tile,per sq ft,,0,3.5,,
Window Coverings & Accessories > Child / Safety > Install Alarms,Window Coverings & Accessories,each,30,15,69,,
Window Coverings & Accessories > Child / Safety > Install Child Safety Stops,Window Coverings & Accessories,each,30,15,69,,
Window Coverings & Accessories > Child / Safety > Install Security Bars,Window Coverings & Accessories,each,30,15,69,,
Window Coverings & Accessories > Curtains > Install New - Ground Up,Window Coverings & Accessories,each,75,35,169,,
Window Coverings & Accessories > Curtains > Remove Permanently,Window Coverings & Accessories,each,30,5,56,,
Window Coverings & Accessories > Curtains > Replace,Window Coverings & Accessories,each,30,18,72,,
Window Coverings & Accessories > Films & Coatings > Install Privacy Film,Window Coverings & Accessories,each,30,15,69,,
Window Coverings & Accessories > Films & Coatings > Install Tint Film,Window Coverings & Accessories,each,30,15,69,,
Window Coverings & Accessories > Films & Coatings > Install UV Blocking Film,Window Coverings & Accessories,each,30,15,69,,
Window Coverings & Accessories > Films & Coatings > Remove Privacy Film,Window Coverings & Accessories,each,30,5,56,,
Window Coverings & Accessories > Films & Coatings > Remove Tint Film,Window Coverings & Accessories,each,30,5,56,,
Window Coverings & Accessories > Films & Coatings > Remove UV Blocking Film,Window Coverings & Accessories,each,30,5,56,,
"Window Coverings & Accessories > Horizontal Blinds > 2"" Faux Wood > Install - Ground Up",Window Coverings & Accessories,each,75,35,169,,
"Window Coverings & Accessories > Horizontal Blinds > 2"" Faux Wood > Repair Louvres",Window Coverings & Accessories,each,30,5,56,,
"Window Coverings & Accessories > Horizontal Blinds > 2"" Faux Wood > Replace",Window Coverings & Accessories,each,30,18,72,,
"Window Coverings & Accessories > Horizontal Blinds > 2"" Faux Wood > Replace Rod",Window Coverings & Accessories,each,30,18,72,,
Window Coverings & Accessories > Horizontal Blinds > One Inch Vinyl Or Aluminum > Install - Ground Up,Window Coverings & Accessories,each,75,35,169,,
Window Coverings & Accessories > Horizontal Blinds > One Inch Vinyl Or Aluminum > Repair Louvres,Window Coverings & Accessories,each,30,5,56,,
Window Coverings & Accessories > Horizontal Blinds > One Inch Vinyl Or Aluminum > Replace,Window Coverings & Accessories,each,30,18,72,,
Window Coverings & Accessories > Horizontal Blinds > One Inch Vinyl Or Aluminum > Replace Rod,Window Coverings & Accessories,each,30,18,72,,
Window Coverings & Accessories > Shades - Specialty > Bamboo Shades > Install New - Ground Up,Window Coverings & Accessories,each,75,35,169,,
Window Coverings & Accessories > Shades - Specialty > Bamboo Shades > Repair,Window Coverings & Accessories,each,30,5,56,,
Window Coverings & Accessories > Shades - Specialty > Bamboo Shades > Replace,Window Coverings & Accessories,each,30,18,72,,
Window Coverings & Accessories > Shades - Specialty > Cellular Shades > Install New - Ground Up,Window Coverings & Accessories,each,75,35,169,,
Window Coverings & Accessories > Shades - Specialty > Cellular Shades > Repair,Window Coverings & Accessories,each,30,5,56,,
Window Coverings & Accessories > Shades - Specialty > Cellular Shades > Replace,Window Coverings & Accessories,each,30,18,72,,
Window Coverings & Accessories > Shades - Specialty > Motorized Shades > Install New - Ground Up,Window Coverings & Accessories,each,120,35,244,,
Window Coverings & Accessories > Shades - Specialty > Motorized Shades > Repair,Window Coverings & Accessories,each,30,5,56,,
Window Coverings & Accessories > Shades - Specialty > Motorized Shades > Replace,Window Coverings & Accessories,each,120,18,222,,
Window Coverings & Accessories > Shades - Specialty > Roller Shades > Install New - Ground Up,Window Coverings & Accessories,each,75,35,169,,
Window Coverings & Accessories > Shades - Specialty > Roller Shades > Repair,Window Coverings & Accessories,each,30,5,56,,
Window Coverings & Accessories > Shades - Specialty > Roller Shades > Replace,Window Coverings & Accessories,each,30,18,72,,
Window Coverings & Accessories > Shades - Specialty > Roman Shades > Install New - Ground Up,Window Coverings & Accessories,each,75,35,169,,
Window Coverings & Accessories > Shades - Specialty > Roman Shades > Repair,Window Coverings & Accessories,each,30,5,56,,
Window Coverings & Accessories > Shades - Specialty > Roman Shades > Replace,Window Coverings & Accessories,each,30,18,72,,
Window Coverings & Accessories > Vertical Blinds > Clean & Lubricate Track (Dry Lubricant),Window Coverings & Accessories,each,15,5,31,,
Window Coverings & Accessories > Vertical Blinds > Install New - Ground Up,Window Coverings & Accessories,each,75,35,169,,
Window Coverings & Accessories > Vertical Blinds > Replace,Window Coverings & Accessories,each,30,18,72,,
Window Coverings & Accessories > Vertical Blinds > Replace Headrail,Window Coverings & Accessories,each,30,18,72,,
Window Coverings & Accessories > Vertical Blinds > Replace Louvres,Window Coverings & Accessories,each,30,18,72,,
Window Coverings & Accessories > Vertical Blinds > Replace Rod,Window Coverings & Accessories,each,30,18,72,,
Windows > Build New Window Screen,Windows,each,120,35,244,,
Windows > Install New - Ground Up,Windows,each,75,35,169,,
Windows > Repair / Rescreen Window Screen,Windows,each,40,5,73,,
Windows > Replace Balance / Rope / Weight,Windows,each,30,18,72,,
Windows > Replace Balance Springs,Windows,each,30,18,72,,
Windows > Replace Full Frame,Windows,each,120,18,222,,
Windows > Replace Glass (Reglaze) - Dual Pane,Windows,each,30,18,72,,
Windows > Replace Glass (Reglaze) - Single Pane,Windows,each,30,18,72,,
"Windows > Replace Glass (Reglaze), Triple Pane",Windows,each,30,18,72,,
Windows > Replace Locking Mechanism,Windows,each,30,18,72,,
Windows > Replace Weather Stripping / Caulking,Windows,each,20,18,56,,
Windows > Retrofit - New Sash,Windows,each,40,5,73,,
Windows > Seal Window Exterior For Leaks,Windows,each,20,5,40,,
Materials > Drywall > Drywall Sheets,Materials,each,,15,19,,material unit cost +25%
Materials > Drywall > Joint Compound,Materials,each,,18,22,,material unit cost +25%
Materials > Lumber > 2x4 Studs,Materials,each,,4,5,,material unit cost +25%
Materials > Lumber > Plywood Sheets,Materials,each,,45,56,,material unit cost +25%
Materials > Paint > Exterior Paint,Materials,each,,45,56,,material unit cost +25%
Materials > Paint > Interior Paint,Materials,each,,40,50,,material unit cost +25%
Office > Administrative > Documentation,Office,per hour,,0,100.0,,billed hourly
Office > Administrative > Permit Processing,Office,per hour,,0,100.0,,billed hourly
Office > Project Management > Scheduling,Office,per hour,,0,100.0,,billed hourly
Office > Project Management > Site Supervision,Office,per hour,,0,100.0,,billed hourly
Teleconference > Client Meetings > Initial Consultation,Teleconference,per hour,,0,100.0,,billed hourly
Teleconference > Client Meetings > Progress Review,Teleconference,per hour,,0,100.0,,billed hourly
Teleconference > Technical Consultations > Design Consultation,Teleconference,per hour,,0,100.0,,billed hourly
Teleconference > Technical Consultations > Engineering Review,Teleconference,per hour,,0,100.0,,billed hourly
Thresholds / Transitions Install / Replace,Thresholds / Transitions Install / Replace,each,30,18,72,,
Travel / Hauling > Delivery > Local Delivery,Travel / Hauling,each,35,5,65,,
Travel / Hauling > Delivery > Regional Delivery,Travel / Hauling,each,35,5,65,,
Travel / Hauling > Disposal > Debris Removal,Travel / Hauling,each,35,5,65,,
Travel / Hauling > Disposal > Dumpster Rental,Travel / Hauling,each,35,5,65,VARIABLE,"starts at, quote on site"
Travel / Hauling > Vehicle > Truck,Travel / Hauling,per day,,0,0,VARIABLE,"equipment line, set by you"
Travel / Hauling > Vehicle > Van,Travel / Hauling,per day,,0,0,VARIABLE,"equipment line, set by you"
